PROVINCE_NAME,DISTRICT_NAME,LOCATION_ID
Southern,Matara,1610
Southern,Matara,1846
Southern,Matara,1851
Southern,Matara,1853
Southern,Matara,1856
Southern,Matara,1857
Southern,Matara,2103
Southern,Matara,2105
Southern,Matara,2106
Southern,Matara,2107
Southern,Matara,2114
Southern,Matara,2342
Southern,Matara,2347
Southern,Matara,2351
Southern,Matara,2354
Southern,Matara,2357
Southern,Matara,2372
Southern,Matara,2374
Southern,Matara,2591
Southern,Matara,2595
Southern,Matara,2605
Southern,Matara,2611
Southern,Matara,2615
Southern,Matara,2620
Southern,Matara,2627
Southern,Galle,2839
Southern,Matara,2847
Southern,Galle,3086
Southern,Matara,3094
Southern,Matara,3100
Southern,Matara,3124
Southern,Matara,3128
Southern,Galle,3334
Southern,Galle,3337
Southern,Matara,3375
Southern,Matara,3614
Southern,Matara,3619
Southern,Hambantota,3632
Southern,Hambantota,3635
Southern,Galle,3830
Southern,Galle,3831
Southern,Galle,3833
Southern,Galle,3837
Southern,Galle,3845
Southern,Matara,3856
Southern,Matara,3860
Southern,Matara,3865
Southern,Galle,4078
Southern,Galle,4081
Southern,Hambantota,4137
Southern,Hambantota,4141
Southern,Hambantota,4142
Southern,Galle,4328
Southern,Galle,4329
Southern,Galle,4341
Southern,Galle,4345
Southern,Matara,4348
Southern,Matara,4354
Southern,Matara,4372
Southern,Galle,4577
Southern,Galle,4578
Southern,Galle,4580
Southern,Galle,4582
Southern,Matara,4605
Southern,Matara,4608
Southern,Hambantota,4631
Southern,Hambantota,4636
Southern,Hambantota,4637
Southern,Galle,4829
Southern,Galle,4830
Southern,Galle,4831
Southern,Galle,4834
Southern,Galle,4837
Southern,Matara,4852
Southern,Matara,4863
Southern,Matara,4868
Southern,Hambantota,4890
Southern,Hambantota,4891
Southern,Galle,5078
Southern,Galle,5081
Southern,Galle,5084
Southern,Matara,5127
Southern,Hambantota,5153
Southern,Galle,5327
Southern,Galle,5329
Southern,Galle,5333
Southern,Galle,5334
Southern,Galle,5339
Southern,Matara,5369
Southern,Hambantota,5402
Southern,Hambantota,5410
Southern,Galle,5577
Southern,Galle,5581
Southern,Galle,5592
Southern,Matara,5612
Southern,Matara,5623
Southern,Matara,5876
Southern,Hambantota,5893
Southern,Hambantota,5898
Southern,Galle,6078
Southern,Matara,6118
Southern,Matara,6136
Southern,Hambantota,6158
Southern,Hambantota,6159
Southern,Galle,6333
Southern,Galle,6353
Southern,Matara,6365
Southern,Matara,6366
Southern,Hambantota,6414
Southern,Galle,6588
Southern,Matara,6609
Southern,Matara,6635
Southern,Hambantota,6668
Southern,Galle,6841
Southern,Galle,6849
Southern,Hambantota,6896
Southern,Hambantota,6924
Southern,Hambantota,6928
Southern,Hambantota,6935
Southern,Hambantota,6939
Southern,Galle,7077
Southern,Galle,7078
Southern,Galle,7085
Southern,Galle,7088
Southern,Matara,7113
Southern,Matara,7114
Southern,Matara,7129
Southern,Matara,7133
Southern,Hambantota,7165
Southern,Hambantota,7192
Southern,Galle,7354
Southern,Matara,7375
Southern,Matara,7379
Southern,Hambantota,7401
Southern,Hambantota,7410
Southern,Hambantota,7436
Southern,Galle,7584
Southern,Hambantota,7646
Southern,Galle,7849
Southern,Matara,7871
Southern,Hambantota,7927
Southern,Hambantota,7948
Southern,Galle,8080
Southern,Hambantota,8170
Southern,Hambantota,8182
Southern,Hambantota,8195
Southern,Galle,8342
Southern,Galle,8582
Southern,Galle,8602
Southern,Galle,8609
Southern,Matara,8638
Southern,Hambantota,8656
Southern,Galle,8830
Southern,Galle,8839
Southern,Matara,8876
Southern,Hambantota,8897
Southern,Hambantota,8912
Southern,Hambantota,8918
Southern,Hambantota,8929
Southern,Hambantota,8940
Southern,Hambantota,8954
Southern,Matara,9140
Southern,Galle,9333
Southern,Hambantota,9468
Southern,Hambantota,9473
Southern,Galle,9589
Southern,Galle,9601
Southern,Galle,9607
Southern,Hambantota,9658
Southern,Hambantota,9724
Southern,Galle,9833
Southern,Galle,10084
Southern,Galle,10089
Southern,Galle,10096
Southern,Matara,10144
Southern,Hambantota,10170
Southern,Hambantota,10181
Southern,Hambantota,10189
Southern,Hambantota,10201
Southern,Galle,10334
Southern,Galle,10335
Southern,Matara,10383
Southern,Hambantota,10414
Southern,Hambantota,10444
Southern,Hambantota,10458
Southern,Hambantota,10477
Southern,Galle,10586
Southern,Galle,10601
Southern,Galle,10609
Southern,Galle,10616
Southern,Matara,10633
Southern,Hambantota,10655
Southern,Hambantota,10665
Sabaragamuwa,Ratnapura,10681
Southern,Hambantota,10717
Southern,Galle,10835
Southern,Galle,10837
Southern,Galle,10847
Southern,Matara,10903
Southern,Hambantota,10911
Sabaragamuwa,Ratnapura,10918
Southern,Hambantota,10973
Southern,Galle,11087
Southern,Galle,11092
Southern,Galle,11128
Southern,Hambantota,11222
Southern,Hambantota,11223
Southern,Hambantota,11225
Southern,Hambantota,11238
Southern,Galle,11361
Southern,Matara,11393
Sabaragamuwa,Ratnapura,11424
Southern,Galle,11601
Sabaragamuwa,Ratnapura,11682
Southern,Hambantota,11704
Southern,Galle,11858
Southern,Galle,11884
Southern,Matara,11901
Southern,Hambantota,11946
Southern,Hambantota,11960
Southern,Hambantota,11972
Southern,Galle,12089
Southern,Galle,12090
Southern,Galle,12096
Southern,Galle,12120
Southern,Matara,12157
Southern,Hambantota,12230
Southern,Matara,12383
Sabaragamuwa,Ratnapura,12431
Southern,Galle,12601
Southern,Galle,12625
Southern,Matara,12632
Southern,Galle,12842
Southern,Galle,12875
Southern,Matara,12901
Sabaragamuwa,Ratnapura,12913
Sabaragamuwa,Ratnapura,12933
Sabaragamuwa,Ratnapura,12934
Southern,Hambantota,12985
Southern,Galle,13099
Southern,Galle,13114
Southern,Matara,13150
Sabaragamuwa,Ratnapura,13175
Sabaragamuwa,Ratnapura,13183
Southern,Hambantota,13222
Southern,Galle,13358
Uva,Moneragala,13444
Southern,Hambantota,13455
Southern,Hambantota,13456
Sabaragamuwa,Ratnapura,13670
Uva,Moneragala,13694
Southern,Galle,13845
Southern,Galle,13849
Southern,Hambantota,14011
Southern,Galle,14095
Southern,Galle,14133
Southern,Matara,14161
Sabaragamuwa,Ratnapura,14167
Sabaragamuwa,Ratnapura,14184
Uva,Moneragala,14241
Southern,Hambantota,14255
Southern,Galle,14349
Southern,Galle,14350
Western,Kalutara,14375
Uva,Moneragala,14452
Southern,Hambantota,14475
Western,Kalutara,14620
Sabaragamuwa,Ratnapura,14673
Uva,Moneragala,14745
Western,Kalutara,14859
Sabaragamuwa,Ratnapura,14936
Uva,Moneragala,14995
Southern,Galle,15097
Southern,Galle,15098
Uva,Moneragala,15246
Western,Kalutara,15349
Sabaragamuwa,Ratnapura,15440
Western,Kalutara,15600
Sabaragamuwa,Ratnapura,15656
Sabaragamuwa,Ratnapura,15672
Uva,Moneragala,15699
Uva,Moneragala,15714
Uva,Moneragala,15725
Uva,Moneragala,15744
Western,Kalutara,15849
Western,Kalutara,15850
Western,Kalutara,15851
Western,Kalutara,15853
Western,Kalutara,15871
Western,Kalutara,16100
Western,Kalutara,16105
Western,Kalutara,16114
Sabaragamuwa,Ratnapura,16171
Sabaragamuwa,Ratnapura,16184
Sabaragamuwa,Ratnapura,16400
Sabaragamuwa,Ratnapura,16414
Western,Kalutara,16601
Western,Kalutara,16604
Western,Kalutara,16625
Sabaragamuwa,Ratnapura,16670
Western,Kalutara,16853
Western,Kalutara,16868
Sabaragamuwa,Ratnapura,16932
Uva,Moneragala,17232
Western,Kalutara,17355
Western,Kalutara,17358
Western,Kalutara,17367
Western,Kalutara,17635
Sabaragamuwa,Ratnapura,17673
Sabaragamuwa,Ratnapura,17681
Western,Kalutara,17884
Uva,Moneragala,17984
Western,Kalutara,18108
Western,Kalutara,18115
Western,Kalutara,18118
Western,Kalutara,18123
Western,Kalutara,18139
Sabaragamuwa,Ratnapura,18154
Sabaragamuwa,Ratnapura,18160
Sabaragamuwa,Ratnapura,18177
Sabaragamuwa,Ratnapura,18185
Western,Kalutara,18383
Sabaragamuwa,Ratnapura,18404
Sabaragamuwa,Ratnapura,18427
Uva,Moneragala,18466
Western,Kalutara,18616
Western,Kalutara,18629
Western,Kalutara,18861
Western,Kalutara,18866
Sabaragamuwa,Ratnapura,18925
Western,Kalutara,19110
Western,Kalutara,19112
Western,Kalutara,19114
Western,Kalutara,19122
Western,Kalutara,19360
Sabaragamuwa,Ratnapura,19443
Uva,Moneragala,19481
Western,Kalutara,19611
Western,Kalutara,19612
Western,Kalutara,19618
Western,Kalutara,19633
Sabaragamuwa,Ratnapura,19678
Western,Kalutara,19878
Sabaragamuwa,Ratnapura,19913
Western,Kalutara,20113
Western,Kalutara,20114
Western,Kalutara,20116
Sabaragamuwa,Ratnapura,20170
Western,Kalutara,20363
Western,Kalutara,20387
Western,Kalutara,20396
Sabaragamuwa,Ratnapura,20436
Western,Kalutara,20616
Western,Kalutara,20621
Western,Kalutara,20628
Western,Kalutara,20651
Sabaragamuwa,Ratnapura,20671
Sabaragamuwa,Ratnapura,20682
Western,Kalutara,20864
Western,Kalutara,20882
Sabaragamuwa,Ratnapura,20931
Uva,Moneragala,20995
Western,Kalutara,21115
Western,Kalutara,21118
Sabaragamuwa,Ratnapura,21201
Western,Kalutara,21373
Western,Kalutara,21377
Western,Kalutara,21392
Sabaragamuwa,Ratnapura,21407
Sabaragamuwa,Ratnapura,21428
Sabaragamuwa,Ratnapura,21448
Western,Kalutara,21617
Western,Kalutara,21619
Western,Kalutara,21639
Sabaragamuwa,Ratnapura,21658
Sabaragamuwa,Ratnapura,21663
Sabaragamuwa,Ratnapura,21701
Sabaragamuwa,Ratnapura,21721
Western,Kalutara,21868
Western,Kalutara,21871
Uva,Moneragala,21999
Western,Kalutara,22126
Western,Kalutara,22133
Sabaragamuwa,Ratnapura,22174
Sabaragamuwa,Ratnapura,22176
Sabaragamuwa,Ratnapura,22205
Western,Kalutara,22368
Western,Kalutara,22395
Sabaragamuwa,Ratnapura,22419
Sabaragamuwa,Ratnapura,22420
Sabaragamuwa,Ratnapura,22421
Sabaragamuwa,Ratnapura,22422
Western,Kalutara,22619
Western,Kalutara,22630
Western,Kalutara,22634
Sabaragamuwa,Ratnapura,22671
Sabaragamuwa,Ratnapura,22673
Sabaragamuwa,Ratnapura,22700
Uva,Moneragala,22751
Uva,Moneragala,22768
Western,Kalutara,22869
Western,Kalutara,22877
Sabaragamuwa,Ratnapura,22928
Sabaragamuwa,Ratnapura,22940
Sabaragamuwa,Ratnapura,22955
Sabaragamuwa,Ratnapura,22963
Sabaragamuwa,Ratnapura,22966
Western,Kalutara,23120
Western,Kalutara,23124
Western,Kalutara,23125
Western,Kalutara,23131
Western,Kalutara,23138
Sabaragamuwa,Ratnapura,23169
Sabaragamuwa,Ratnapura,23194
Sabaragamuwa,Ratnapura,23216
Western,Kalutara,23370
Western,Kalutara,23371
Western,Kalutara,23379
Western,Kalutara,23386
Western,Kalutara,23388
Sabaragamuwa,Ratnapura,23427
Western,Kalutara,23621
Western,Kalutara,23627
Western,Kalutara,23635
Western,Kalutara,23641
Sabaragamuwa,Ratnapura,23662
Sabaragamuwa,Ratnapura,23669
Sabaragamuwa,Ratnapura,23690
Uva,Badulla,23744
Uva,Badulla,23750
Western,Kalutara,23872
Western,Kalutara,23873
Western,Kalutara,23875
Western,Kalutara,23881
Western,Kalutara,23894
Western,Kalutara,23896
Sabaragamuwa,Ratnapura,23907
Sabaragamuwa,Ratnapura,23925
Sabaragamuwa,Ratnapura,23973
Uva,Moneragala,24005
Uva,Moneragala,24009
Uva,Moneragala,24032
Western,Colombo,24122
Western,Kalutara,24123
Western,Kalutara,24149
Uva,Badulla,24247
Uva,Badulla,24251
Uva,Moneragala,24265
Uva,Moneragala,24266
Western,Kalutara,24373
Western,Kalutara,24374
Western,Kalutara,24380
Western,Kalutara,24381
Western,Kalutara,24383
Western,Kalutara,24387
Western,Kalutara,24402
Western,Kalutara,24405
Sabaragamuwa,Ratnapura,24423
Western,Colombo,24623
Western,Kalutara,24626
Western,Kalutara,24643
Uva,Badulla,24732
Uva,Badulla,24734
Uva,Badulla,24739
Uva,Moneragala,24774
Uva,Moneragala,24775
Uva,Moneragala,24781
Eastern,Ampara,24837
Western,Kalutara,24874
Western,Colombo,24877
Western,Colombo,24879
Western,Colombo,24880
Western,Kalutara,24895
Sabaragamuwa,Ratnapura,24920
Uva,Badulla,24990
Uva,Badulla,24991
Uva,Badulla,24993
Western,Colombo,25124
Western,Colombo,25125
Western,Colombo,25126
Western,Colombo,25129
Western,Colombo,25130
Western,Colombo,25132
Western,Colombo,25136
Western,Kalutara,25138
Western,Kalutara,25141
Sabaragamuwa,Ratnapura,25179
Sabaragamuwa,Ratnapura,25187
Western,Colombo,25375
Western,Colombo,25376
Western,Colombo,25377
Western,Colombo,25379
Western,Colombo,25385
Western,Kalutara,25395
Western,Colombo,25400
Western,Kalutara,25405
Sabaragamuwa,Ratnapura,25412
Sabaragamuwa,Ratnapura,25427
Western,Colombo,25626
Western,Colombo,25627
Western,Colombo,25628
Western,Colombo,25629
Western,Colombo,25632
Western,Colombo,25633
Western,Colombo,25642
Central,Nuwara Eliya,25715
Uva,Badulla,25747
Uva,Moneragala,25763
Western,Colombo,25876
Western,Colombo,25877
Western,Colombo,25878
Western,Colombo,25881
Western,Colombo,25882
Western,Colombo,25886
Western,Colombo,25888
Sabaragamuwa,Ratnapura,25926
Uva,Badulla,25997
Uva,Badulla,26005
Uva,Moneragala,26035
Western,Colombo,26127
Western,Colombo,26129
Western,Colombo,26130
Western,Colombo,26133
Western,Colombo,26135
Western,Colombo,26136
Western,Colombo,26138
Western,Colombo,26139
Western,Colombo,26141
Western,Colombo,26148
Sabaragamuwa,Ratnapura,26168
Western,Colombo,26378
Western,Colombo,26379
Western,Colombo,26380
Western,Colombo,26381
Western,Colombo,26382
Western,Colombo,26383
Western,Colombo,26385
Western,Colombo,26386
Western,Colombo,26387
Western,Colombo,26389
Western,Colombo,26391
Western,Colombo,26392
Western,Colombo,26393
Western,Colombo,26396
Western,Colombo,26403
Western,Colombo,26408
Sabaragamuwa,Ratnapura,26427
Central,Nuwara Eliya,26450
Uva,Badulla,26492
Uva,Moneragala,26546
Uva,Moneragala,26563
Uva,Moneragala,26564
Western,Colombo,26628
Western,Colombo,26629
Western,Colombo,26630
Western,Colombo,26631
Western,Colombo,26633
Western,Colombo,26634
Western,Colombo,26656
Sabaragamuwa,Ratnapura,26674
Central,Nuwara Eliya,26708
Uva,Badulla,26752
Uva,Badulla,26754
Uva,Badulla,26755
Uva,Moneragala,26782
Eastern,Ampara,26846
Western,Colombo,26879
Western,Colombo,26880
Western,Colombo,26881
Western,Colombo,26882
Western,Colombo,26883
Western,Colombo,26884
Western,Colombo,26885
Western,Colombo,26886
Western,Colombo,26887
Western,Colombo,26889
Western,Colombo,26890
Western,Colombo,26891
Western,Colombo,26892
Western,Colombo,26893
Western,Colombo,26894
Western,Colombo,26895
Western,Colombo,26897
Western,Colombo,26905
Sabaragamuwa,Ratnapura,26938
Central,Nuwara Eliya,26964
Uva,Badulla,27006
Uva,Moneragala,27042
Eastern,Ampara,27098
Western,Colombo,27130
Western,Colombo,27131
Western,Colombo,27132
Western,Colombo,27133
Western,Colombo,27134
Western,Colombo,27135
Western,Colombo,27136
Western,Colombo,27137
Western,Colombo,27138
Western,Colombo,27142
Western,Colombo,27143
Western,Colombo,27145
Western,Colombo,27148
Western,Colombo,27149
Western,Colombo,27152
Western,Colombo,27155
Sabaragamuwa,Ratnapura,27175
Central,Nuwara Eliya,27209
Uva,Badulla,27247
Western,Colombo,27381
Western,Colombo,27382
Western,Colombo,27383
Western,Colombo,27384
Western,Colombo,27386
Western,Colombo,27387
Western,Colombo,27388
Western,Colombo,27389
Western,Colombo,27390
Western,Colombo,27392
Western,Colombo,27395
Western,Colombo,27404
Western,Colombo,27415
Sabaragamuwa,Ratnapura,27427
Uva,Badulla,27489
Uva,Badulla,27494
Uva,Badulla,27498
Uva,Badulla,27518
Western,Colombo,27632
Western,Colombo,27633
Western,Colombo,27634
Western,Colombo,27635
Western,Colombo,27636
Western,Colombo,27637
Western,Colombo,27638
Western,Colombo,27639
Western,Colombo,27640
Western,Colombo,27642
Western,Colombo,27643
Western,Colombo,27645
Western,Colombo,27646
Western,Colombo,27647
Western,Colombo,27649
Western,Colombo,27654
Uva,Badulla,27763
Uva,Badulla,27764
Uva,Moneragala,27796
Uva,Moneragala,27797
Western,Colombo,27883
Western,Colombo,27884
Western,Colombo,27885
Western,Colombo,27886
Western,Colombo,27887
Western,Colombo,27888
Western,Colombo,27889
Western,Colombo,27890
Western,Colombo,27891
Western,Colombo,27892
Western,Colombo,27894
Western,Colombo,27895
Western,Colombo,27897
Western,Colombo,27902
Western,Colombo,27908
Western,Colombo,27911
Sabaragamuwa,Kegalle,27930
Central,Nuwara Eliya,27971
Uva,Badulla,28004
Uva,Badulla,28015
Uva,Moneragala,28049
Eastern,Ampara,28102
Western,Colombo,28134
Western,Colombo,28135
Western,Colombo,28136
Western,Colombo,28137
Western,Colombo,28138
Western,Colombo,28139
Western,Colombo,28140
Western,Colombo,28142
Western,Colombo,28143
Western,Colombo,28144
Western,Colombo,28146
Western,Colombo,28154
Western,Colombo,28156
Central,Nuwara Eliya,28216
Central,Nuwara Eliya,28239
Western,Colombo,28384
Western,Colombo,28385
Western,Colombo,28386
Western,Colombo,28387
Western,Colombo,28388
Western,Colombo,28389
Western,Colombo,28390
Western,Colombo,28391
Western,Colombo,28392
Western,Colombo,28393
Western,Colombo,28394
Western,Colombo,28396
Western,Colombo,28397
Western,Colombo,28400
Western,Colombo,28401
Western,Colombo,28405
Sabaragamuwa,Ratnapura,28427
Central,Nuwara Eliya,28467
Uva,Badulla,28496
Uva,Badulla,28497
Uva,Badulla,28519
Uva,Moneragala,28535
Uva,Moneragala,28539
Uva,Moneragala,28545
Uva,Moneragala,28557
Western,Colombo,28635
Western,Colombo,28636
Western,Colombo,28637
Western,Colombo,28638
Western,Colombo,28639
Western,Colombo,28640
Western,Colombo,28641
Western,Colombo,28642
Western,Colombo,28643
Western,Colombo,28644
Western,Colombo,28645
Western,Colombo,28646
Western,Colombo,28649
Western,Colombo,28658
Western,Colombo,28667
Sabaragamuwa,Ratnapura,28675
Uva,Badulla,28751
Uva,Badulla,28753
Uva,Badulla,28754
Uva,Moneragala,28788
Uva,Moneragala,28812
Uva,Moneragala,28823
Western,Colombo,28886
Western,Colombo,28887
Western,Colombo,28888
Western,Colombo,28889
Western,Colombo,28890
Western,Colombo,28891
Western,Colombo,28892
Western,Colombo,28893
Western,Colombo,28894
Western,Colombo,28895
Western,Colombo,28896
Western,Colombo,28897
Western,Colombo,28899
Western,Colombo,28900
Western,Colombo,28901
Western,Colombo,28902
Western,Colombo,28905
Western,Gampaha,28912
Central,Nuwara Eliya,28960
Central,Nuwara Eliya,28969
Uva,Badulla,29004
Uva,Badulla,29012
Uva,Badulla,29026
Uva,Moneragala,29068
Uva,Moneragala,29076
Eastern,Ampara,29088
Eastern,Ampara,29094
Western,Colombo,29136
Western,Colombo,29137
Western,Colombo,29138
Western,Colombo,29139
Western,Colombo,29140
Western,Colombo,29141
Western,Colombo,29142
Western,Colombo,29143
Western,Colombo,29144
Western,Colombo,29146
Western,Colombo,29147
Western,Colombo,29148
Western,Colombo,29149
Western,Colombo,29151
Western,Gampaha,29158
Western,Colombo,29165
Western,Colombo,29171
Sabaragamuwa,Kegalle,29190
Uva,Badulla,29247
Western,Colombo,29387
Western,Colombo,29388
Western,Colombo,29389
Western,Colombo,29390
Western,Colombo,29391
Western,Colombo,29392
Western,Colombo,29393
Western,Colombo,29394
Western,Colombo,29395
Western,Colombo,29396
Western,Colombo,29397
Western,Colombo,29398
Western,Colombo,29399
Western,Colombo,29401
Western,Colombo,29402
Western,Colombo,29403
Western,Colombo,29405
Western,Gampaha,29409
Western,Colombo,29425
Sabaragamuwa,Kegalle,29429
Central,Nuwara Eliya,29495
Uva,Badulla,29498
Uva,Badulla,29533
Uva,Moneragala,29556
Western,Colombo,29638
Western,Colombo,29639
Western,Colombo,29640
Western,Colombo,29641
Western,Colombo,29642
Western,Colombo,29643
Western,Colombo,29644
Western,Colombo,29645
Western,Colombo,29648
Western,Colombo,29649
Western,Colombo,29650
Western,Gampaha,29654
Western,Gampaha,29663
Western,Colombo,29670
Central,Nuwara Eliya,29710
Central,Nuwara Eliya,29730
Central,Nuwara Eliya,29733
Central,Nuwara Eliya,29736
Uva,Badulla,29766
Western,Colombo,29891
Western,Colombo,29892
Western,Colombo,29893
Western,Colombo,29894
Western,Colombo,29895
Western,Gampaha,29896
Western,Colombo,29897
Western,Gampaha,29898
Western,Gampaha,29900
Western,Gampaha,29903
Western,Gampaha,29906
Western,Gampaha,29909
Western,Gampaha,29912
Western,Gampaha,29917
Western,Colombo,29925
Central,Nuwara Eliya,29966
Uva,Badulla,30021
Uva,Badulla,30026
Uva,Badulla,30036
Western,Colombo,30142
Western,Colombo,30143
Western,Colombo,30144
Western,Gampaha,30145
Western,Gampaha,30146
Western,Gampaha,30147
Western,Gampaha,30148
Western,Gampaha,30152
Western,Gampaha,30154
Western,Gampaha,30157
Western,Gampaha,30158
Western,Colombo,30181
Central,Nuwara Eliya,30242
Central,Nuwara Eliya,30243
Central,Nuwara Eliya,30244
Uva,Badulla,30261
Uva,Moneragala,30300
Uva,Moneragala,30322
Western,Colombo,30393
Western,Colombo,30394
Western,Colombo,30395
Western,Gampaha,30396
Western,Gampaha,30397
Western,Gampaha,30398
Western,Gampaha,30400
Western,Gampaha,30401
Western,Gampaha,30403
Western,Gampaha,30407
Western,Gampaha,30410
Western,Gampaha,30420
Western,Colombo,30430
Sabaragamuwa,Kegalle,30434
Sabaragamuwa,Kegalle,30439
Central,Nuwara Eliya,30481
Central,Nuwara Eliya,30489
Central,Nuwara Eliya,30494
Central,Nuwara Eliya,30495
Central,Nuwara Eliya,30496
Western,Colombo,30645
Western,Colombo,30646
Western,Gampaha,30647
Western,Gampaha,30648
Western,Gampaha,30649
Western,Gampaha,30650
Western,Gampaha,30651
Western,Gampaha,30652
Western,Gampaha,30653
Western,Gampaha,30654
Western,Gampaha,30661
Western,Gampaha,30664
Western,Gampaha,30666
Western,Gampaha,30669
Western,Gampaha,30673
Western,Colombo,30683
Central,Nuwara Eliya,30745
Central,Nuwara Eliya,30750
Uva,Badulla,30777
Uva,Badulla,30780
Uva,Moneragala,30812
Western,Gampaha,30897
Western,Gampaha,30898
Western,Gampaha,30899
Western,Gampaha,30900
Western,Gampaha,30901
Western,Gampaha,30902
Western,Gampaha,30903
Western,Gampaha,30904
Western,Gampaha,30908
Western,Gampaha,30909
Western,Gampaha,30912
Western,Gampaha,30913
Western,Gampaha,30928
Sabaragamuwa,Kegalle,30953
Central,Nuwara Eliya,30979
Central,Nuwara Eliya,30994
Central,Nuwara Eliya,30995
Uva,Badulla,31027
Uva,Badulla,31028
Uva,Badulla,31029
Uva,Moneragala,31082
Western,Gampaha,31148
Western,Gampaha,31149
Western,Gampaha,31150
Western,Gampaha,31151
Western,Gampaha,31152
Western,Gampaha,31156
Western,Gampaha,31157
Western,Gampaha,31161
Western,Gampaha,31166
Western,Gampaha,31172
Uva,Badulla,31274
Uva,Badulla,31281
Eastern,Ampara,31369
Western,Gampaha,31398
Western,Gampaha,31401
Western,Gampaha,31407
Western,Gampaha,31408
Western,Gampaha,31409
Western,Gampaha,31410
Western,Gampaha,31413
Western,Gampaha,31419
Western,Gampaha,31427
Sabaragamuwa,Kegalle,31457
Central,Nuwara Eliya,31466
Western,Gampaha,31651
Western,Gampaha,31652
Western,Gampaha,31656
Western,Gampaha,31660
Western,Gampaha,31663
Western,Gampaha,31666
Western,Gampaha,31675
Central,Nuwara Eliya,31738
Central,Nuwara Eliya,31754
Uva,Badulla,31782
Western,Gampaha,31903
Western,Gampaha,31904
Western,Gampaha,31905
Western,Gampaha,31906
Western,Gampaha,31908
Western,Gampaha,31912
Western,Gampaha,31921
Western,Gampaha,31928
Sabaragamuwa,Kegalle,31949
Uva,Badulla,32028
Uva,Badulla,32032
Uva,Badulla,32045
Western,Gampaha,32150
Western,Gampaha,32155
Western,Gampaha,32157
Western,Gampaha,32161
Western,Gampaha,32162
Western,Gampaha,32167
Western,Gampaha,32169
Western,Gampaha,32175
Western,Gampaha,32182
Sabaragamuwa,Kegalle,32185
Sabaragamuwa,Kegalle,32195
Central,Nuwara Eliya,32235
Western,Gampaha,32404
Western,Gampaha,32405
Western,Gampaha,32410
Western,Gampaha,32411
Western,Gampaha,32415
Sabaragamuwa,Kegalle,32449
Central,Nuwara Eliya,32490
Uva,Moneragala,32558
Eastern,Ampara,32622
Western,Gampaha,32656
Western,Gampaha,32658
Western,Gampaha,32660
Western,Gampaha,32662
Western,Gampaha,32668
Western,Gampaha,32682
Sabaragamuwa,Kegalle,32697
Sabaragamuwa,Kegalle,32712
Central,Kandy,32729
Central,Nuwara Eliya,32739
Central,Nuwara Eliya,32742
Central,Nuwara Eliya,32744
Uva,Badulla,32802
Uva,Moneragala,32834
Western,Gampaha,32905
Western,Gampaha,32907
Western,Gampaha,32912
Western,Gampaha,32916
Western,Gampaha,32922
Western,Gampaha,32924
Western,Gampaha,32926
Western,Gampaha,32929
Central,Kandy,32977
Central,Kandy,32978
Western,Gampaha,33154
Western,Gampaha,33158
Western,Gampaha,33160
Western,Gampaha,33165
Western,Gampaha,33170
Western,Gampaha,33186
Uva,Badulla,33286
Western,Gampaha,33405
Western,Gampaha,33409
Western,Gampaha,33412
Western,Gampaha,33418
Western,Gampaha,33420
Western,Gampaha,33424
Western,Gampaha,33435
Sabaragamuwa,Kegalle,33442
Central,Nuwara Eliya,33519
Uva,Moneragala,33594
Western,Gampaha,33656
Western,Gampaha,33659
Western,Gampaha,33662
Western,Gampaha,33664
Western,Gampaha,33666
Western,Gampaha,33669
Western,Gampaha,33673
Western,Gampaha,33675
Sabaragamuwa,Kegalle,33694
Central,Kandy,33724
Central,Nuwara Eliya,33742
Uva,Moneragala,33812
Western,Gampaha,33909
Western,Gampaha,33911
Western,Gampaha,33912
Western,Gampaha,33913
Western,Gampaha,33922
Western,Gampaha,33923
Western,Gampaha,33924
Western,Gampaha,33931
Western,Gampaha,33935
Central,Kandy,33986
Central,Nuwara Eliya,34013
Western,Gampaha,34160
Western,Gampaha,34161
Western,Gampaha,34162
Western,Gampaha,34163
Western,Gampaha,34167
Western,Gampaha,34190
Sabaragamuwa,Kegalle,34211
Uva,Moneragala,34303
Eastern,Ampara,34380
Western,Gampaha,34407
Western,Gampaha,34413
Western,Gampaha,34423
Western,Gampaha,34424
Western,Gampaha,34427
Western,Gampaha,34430
Western,Gampaha,34437
Western,Gampaha,34440
Central,Kandy,34486
Central,Kandy,34495
Central,Nuwara Eliya,34510
Central,Nuwara Eliya,34520
Central,Nuwara Eliya,34528
Uva,Moneragala,34563
Western,Gampaha,34662
Western,Gampaha,34667
Western,Gampaha,34668
Western,Gampaha,34670
Western,Gampaha,34672
Western,Gampaha,34673
Western,Gampaha,34676
Western,Gampaha,34679
Western,Gampaha,34682
Western,Gampaha,34695
Sabaragamuwa,Kegalle,34710
Sabaragamuwa,Kegalle,34714
Sabaragamuwa,Kegalle,34720
Eastern,Ampara,34882
Western,Gampaha,34913
Western,Gampaha,34914
Western,Gampaha,34915
Western,Gampaha,34924
Western,Gampaha,34925
Western,Gampaha,34934
Western,Gampaha,34939
Sabaragamuwa,Kegalle,34959
Central,Kandy,34990
Eastern,Ampara,35102
Western,Gampaha,35164
Western,Gampaha,35166
Western,Gampaha,35173
Western,Gampaha,35178
Western,Gampaha,35183
Western,Gampaha,35185
Western,Gampaha,35187
Western,Gampaha,35193
Sabaragamuwa,Kegalle,35203
Sabaragamuwa,Kegalle,35218
Central,Kandy,35237
Central,Kandy,35244
Central,Kandy,35249
Uva,Badulla,35295
Eastern,Ampara,35368
Western,Gampaha,35410
Western,Gampaha,35414
Western,Gampaha,35415
Western,Gampaha,35417
Western,Gampaha,35421
Western,Gampaha,35440
Sabaragamuwa,Kegalle,35455
Central,Kandy,35492
Central,Nuwara Eliya,35515
Western,Gampaha,35665
Western,Gampaha,35675
Western,Gampaha,35683
Western,Gampaha,35686
Sabaragamuwa,Kegalle,35700
Central,Kandy,35745
Central,Kandy,35755
Central,Nuwara Eliya,35769
Western,Gampaha,35916
Western,Gampaha,35917
Western,Gampaha,35918
Western,Gampaha,35919
Western,Gampaha,35921
Western,Gampaha,35929
Western,Gampaha,35931
Western,Gampaha,35941
Western,Gampaha,35944
Sabaragamuwa,Kegalle,35971
Sabaragamuwa,Kegalle,35981
Central,Kandy,35992
Central,Kandy,35994
Uva,Moneragala,36067
Western,Gampaha,36162
Western,Gampaha,36167
Western,Gampaha,36169
Western,Gampaha,36170
Western,Gampaha,36173
Western,Gampaha,36176
Western,Gampaha,36177
Sabaragamuwa,Kegalle,36205
Sabaragamuwa,Kegalle,36237
Central,Kandy,36245
Central,Kandy,36246
Uva,Badulla,36293
Uva,Moneragala,36311
Western,Gampaha,36417
Western,Gampaha,36420
Western,Gampaha,36421
Western,Gampaha,36441
Western,Gampaha,36448
Central,Kandy,36494
Central,Kandy,36498
Central,Kandy,36502
Central,Kandy,36510
Central,Kandy,36513
Central,Nuwara Eliya,36519
Central,Nuwara Eliya,36524
Uva,Moneragala,36576
Western,Gampaha,36668
Western,Gampaha,36673
Western,Gampaha,36675
Western,Gampaha,36677
Western,Gampaha,36679
Western,Gampaha,36682
Western,Gampaha,36688
Western,Gampaha,36690
Sabaragamuwa,Kegalle,36711
Sabaragamuwa,Kegalle,36717
Central,Kandy,36758
Eastern,Ampara,36889
Western,Gampaha,36915
Western,Gampaha,36918
Western,Gampaha,36933
Western,Gampaha,36934
Western,Gampaha,36953
Sabaragamuwa,Kegalle,36959
Central,Kandy,36996
Central,Kandy,36999
Central,Kandy,37001
Western,Gampaha,37167
Western,Gampaha,37168
Western,Gampaha,37169
Western,Gampaha,37172
Western,Gampaha,37176
Western,Gampaha,37178
Western,Gampaha,37179
Western,Gampaha,37182
Western,Gampaha,37192
Western,Gampaha,37200
Western,Gampaha,37206
Sabaragamuwa,Kegalle,37232
Sabaragamuwa,Kegalle,37239
Central,Kandy,37270
Uva,Badulla,37298
Uva,Badulla,37304
Western,Gampaha,37419
Western,Gampaha,37421
Western,Gampaha,37423
Western,Gampaha,37425
Western,Gampaha,37446
Western,Gampaha,37454
Sabaragamuwa,Kegalle,37477
Sabaragamuwa,Kegalle,37487
Central,Kandy,37501
Central,Kandy,37503
Central,Kandy,37513
Central,Nuwara Eliya,37523
Uva,Badulla,37562
Uva,Moneragala,37609
Eastern,Ampara,37642
Eastern,Ampara,37643
Western,Gampaha,37670
Western,Gampaha,37671
Western,Gampaha,37672
Western,Gampaha,37676
Western,Gampaha,37688
Western,Gampaha,37689
Western,Gampaha,37690
Western,Gampaha,37695
Western,Gampaha,37701
Sabaragamuwa,Kegalle,37710
Sabaragamuwa,Kegalle,37711
Central,Kandy,37754
Eastern,Ampara,37874
Eastern,Ampara,37891
Eastern,Ampara,37893
Eastern,Ampara,37894
Western,Gampaha,37926
Western,Gampaha,37928
Western,Gampaha,37929
Western,Gampaha,37932
Western,Gampaha,37936
Western,Gampaha,37943
Western,Gampaha,37952
Sabaragamuwa,Kegalle,37962
Sabaragamuwa,Kegalle,37968
Central,Kandy,38003
Uva,Badulla,38060
Eastern,Ampara,38145
Western,Gampaha,38172
Western,Gampaha,38173
Western,Gampaha,38178
Western,Gampaha,38200
Western,Gampaha,38204
Western,Gampaha,38209
Sabaragamuwa,Kegalle,38215
Sabaragamuwa,Kegalle,38220
Sabaragamuwa,Kegalle,38225
Sabaragamuwa,Kegalle,38228
Sabaragamuwa,Kegalle,38230
Sabaragamuwa,Kegalle,38243
Central,Kandy,38247
Central,Kandy,38255
Central,Kandy,38263
Central,Kandy,38268
Central,Kandy,38272
Eastern,Ampara,38367
Eastern,Ampara,38381
Western,Gampaha,38423
Western,Gampaha,38425
Western,Gampaha,38426
Western,Gampaha,38431
Western,Gampaha,38440
Sabaragamuwa,Kegalle,38479
Sabaragamuwa,Kegalle,38481
Sabaragamuwa,Kegalle,38483
Sabaragamuwa,Kegalle,38488
Sabaragamuwa,Kegalle,38490
Central,Kandy,38498
Central,Kandy,38499
Central,Kandy,38500
Central,Kandy,38505
Central,Kandy,38506
Central,Kandy,38508
Central,Kandy,38517
Central,Kandy,38534
Eastern,Ampara,38648
Western,Gampaha,38674
Western,Gampaha,38676
Western,Gampaha,38679
Western,Gampaha,38684
Western,Gampaha,38693
Western,Gampaha,38697
Sabaragamuwa,Kegalle,38716
Sabaragamuwa,Kegalle,38722
Sabaragamuwa,Kegalle,38736
Sabaragamuwa,Kegalle,38738
Central,Kandy,38752
Central,Kandy,38753
Central,Kandy,38758
Central,Kandy,38760
Central,Kandy,38761
Central,Kandy,38762
Central,Kandy,38766
Central,Kandy,38769
Central,Kandy,38778
Uva,Badulla,38812
Western,Gampaha,38939
Western,Gampaha,38953
Western,Gampaha,38958
Sabaragamuwa,Kegalle,38967
Central,Kandy,39006
Central,Kandy,39008
Central,Kandy,39010
Central,Kandy,39011
Central,Kandy,39017
Eastern,Ampara,39113
Eastern,Ampara,39148
Eastern,Ampara,39149
North Western,Puttalam,39176
North Western,Puttalam,39178
Western,Gampaha,39191
Western,Gampaha,39201
Sabaragamuwa,Kegalle,39230
Sabaragamuwa,Kegalle,39236
Sabaragamuwa,Kegalle,39246
Central,Kandy,39252
Central,Kandy,39255
Central,Kandy,39260
Central,Kandy,39262
Central,Kandy,39263
Central,Kandy,39268
Central,Kandy,39269
Central,Kandy,39271
Central,Kandy,39274
Central,Kandy,39275
Eastern,Ampara,39375
Eastern,Ampara,39391
North Western,Puttalam,39427
North Western,Puttalam,39428
North Western,Puttalam,39430
North Western,Puttalam,39433
Western,Gampaha,39446
Western,Gampaha,39457
Central,Kandy,39514
Central,Kandy,39515
Central,Kandy,39516
Central,Kandy,39517
Central,Kandy,39535
Central,Kandy,39554
Uva,Badulla,39559
Eastern,Ampara,39631
Eastern,Ampara,39632
Eastern,Ampara,39633
Eastern,Ampara,39652
North Western,Puttalam,39683
North Western,Puttalam,39687
Western,Gampaha,39706
Western,Gampaha,39710
North Western,Kurunegala,39722
Sabaragamuwa,Kegalle,39731
Central,Kandy,39750
Central,Kandy,39755
Central,Kandy,39759
Central,Kandy,39762
Central,Kandy,39764
Central,Kandy,39765
Central,Kandy,39766
Central,Kandy,39767
Central,Kandy,39769
Central,Kandy,39772
Central,Kandy,39776
Central,Kandy,39777
Central,Kandy,39790
Central,Kandy,39791
Central,Kandy,39796
Uva,Badulla,39832
Eastern,Ampara,39883
North Western,Puttalam,39930
North Western,Puttalam,39932
North Western,Kurunegala,39941
Western,Gampaha,39948
North Western,Kurunegala,39969
Central,Kandy,40018
Central,Kandy,40031
Eastern,Ampara,40133
North Western,Puttalam,40180
North Western,Puttalam,40188
North Western,Kurunegala,40196
Sabaragamuwa,Kegalle,40242
Central,Kandy,40246
Central,Kandy,40259
Central,Kandy,40264
Central,Kandy,40267
Central,Kandy,40268
Central,Kandy,40270
Central,Kandy,40276
Central,Kandy,40286
Central,Kandy,40295
North Western,Puttalam,40431
North Western,Puttalam,40432
North Western,Kurunegala,40442
North Western,Kurunegala,40447
North Western,Kurunegala,40448
North Western,Kurunegala,40451
North Western,Kurunegala,40457
Central,Kandy,40500
Central,Kandy,40512
Central,Kandy,40518
Central,Kandy,40519
Central,Kandy,40522
Central,Kandy,40524
Central,Kandy,40525
Central,Kandy,40532
Uva,Badulla,40560
Uva,Badulla,40566
Eastern,Ampara,40633
North Western,Puttalam,40687
North Western,Kurunegala,40713
North Western,Kurunegala,40719
North Western,Kurunegala,40732
North Western,Kurunegala,40733
Central,Kandy,40766
Uva,Badulla,40810
Eastern,Ampara,40894
North Western,Puttalam,40933
North Western,Puttalam,40936
North Western,Puttalam,40939
North Western,Kurunegala,40954
North Western,Kurunegala,40982
Central,Kandy,41021
Central,Kandy,41024
Uva,Badulla,41061
Eastern,Ampara,41145
Eastern,Ampara,41157
North Western,Puttalam,41183
North Western,Kurunegala,41200
Central,Kandy,41262
Central,Kandy,41265
Central,Kandy,41270
Central,Kandy,41277
Uva,Badulla,41318
Eastern,Ampara,41401
Eastern,Ampara,41407
North Western,Puttalam,41437
North Western,Kurunegala,41459
North Western,Kurunegala,41465
North Western,Kurunegala,41469
Central,Kandy,41508
Central,Kandy,41520
Central,Kandy,41522
Central,Kandy,41526
Central,Kandy,41532
Central,Kandy,41558
Eastern,Ampara,41635
Eastern,Ampara,41653
Eastern,Ampara,41658
North Western,Puttalam,41692
North Western,Kurunegala,41696
Central,Kandy,41764
Central,Kandy,41772
Eastern,Ampara,41893
Eastern,Ampara,41904
Eastern,Ampara,41905
North Western,Puttalam,41936
North Western,Puttalam,41941
North Western,Kurunegala,41958
North Western,Kurunegala,41990
Central,Kandy,42023
Central,Kandy,42026
Central,Kandy,42029
Uva,Badulla,42074
Uva,Badulla,42085
Eastern,Ampara,42095
Eastern,Ampara,42147
Eastern,Ampara,42160
North Western,Kurunegala,42200
North Western,Kurunegala,42213
Central,Kandy,42267
Central,Kandy,42271
Central,Kandy,42274
Central,Matale,42283
Central,Kandy,42291
Eastern,Ampara,42342
Eastern,Ampara,42411
North Western,Puttalam,42438
North Western,Kurunegala,42454
North Western,Kurunegala,42471
North Western,Kurunegala,42478
North Western,Kurunegala,42487
North Western,Kurunegala,42503
North Western,Kurunegala,42514
Central,Kandy,42521
Central,Matale,42533
Eastern,Ampara,42644
Eastern,Ampara,42661
North Western,Puttalam,42695
North Western,Kurunegala,42744
North Western,Kurunegala,42750
Eastern,Ampara,42846
Eastern,Ampara,42905
Eastern,Ampara,42912
North Western,Puttalam,42939
North Western,Puttalam,42940
North Western,Puttalam,42944
North Western,Puttalam,42949
North Western,Kurunegala,43011
Central,Kandy,43021
Central,Matale,43030
Eastern,Ampara,43151
Eastern,Ampara,43160
Eastern,Ampara,43162
North Western,Kurunegala,43213
North Western,Kurunegala,43220
North Western,Kurunegala,43261
Eastern,Ampara,43412
Eastern,Ampara,43413
North Western,Puttalam,43440
North Western,Puttalam,43443
North Western,Puttalam,43449
North Western,Kurunegala,43483
North Western,Kurunegala,43484
North Western,Kurunegala,43494
North Western,Kurunegala,43518
Central,Kandy,43523
Central,Matale,43526
Central,Matale,43530
Uva,Badulla,43571
Eastern,Ampara,43642
Eastern,Ampara,43662
North Western,Kurunegala,43738
North Western,Kurunegala,43760
Central,Matale,43779
Eastern,Ampara,43914
North Western,Kurunegala,43957
North Western,Kurunegala,43980
North Western,Kurunegala,43984
North Western,Kurunegala,43992
North Western,Kurunegala,43995
North Western,Kurunegala,44002
Central,Matale,44039
North Western,Puttalam,44194
North Western,Puttalam,44197
North Western,Kurunegala,44204
North Western,Kurunegala,44215
North Western,Kurunegala,44226
North Western,Kurunegala,44247
North Western,Kurunegala,44255
Central,Matale,44282
Central,Matale,44284
Eastern,Ampara,44356
North Western,Kurunegala,44470
North Western,Kurunegala,44486
North Western,Kurunegala,44503
North Western,Kurunegala,44504
North Western,Kurunegala,44510
North Western,Kurunegala,44517
Central,Matale,44534
Uva,Badulla,44578
Eastern,Batticaloa,44666
North Western,Puttalam,44694
North Western,Puttalam,44697
North Western,Kurunegala,44716
North Western,Kurunegala,44724
North Western,Kurunegala,44743
North Western,Kurunegala,44755
North Western,Kurunegala,44756
North Western,Kurunegala,44757
North Western,Kurunegala,44758
Central,Matale,44786
Central,Matale,44787
Eastern,Batticaloa,44911
North Western,Kurunegala,44963
North Western,Kurunegala,45005
North Western,Kurunegala,45006
North Western,Kurunegala,45007
North Western,Kurunegala,45008
Central,Matale,45039
Eastern,Ampara,45114
Eastern,Batticaloa,45168
North Western,Puttalam,45200
North Western,Puttalam,45203
North Western,Kurunegala,45208
North Western,Kurunegala,45237
North Western,Kurunegala,45254
North Western,Kurunegala,45256
North Western,Kurunegala,45258
North Western,Kurunegala,45261
North Western,Kurunegala,45265
North Western,Kurunegala,45266
Eastern,Ampara,45401
North Western,Kurunegala,45479
North Western,Kurunegala,45502
North Western,Kurunegala,45507
North Western,Kurunegala,45509
North Western,Kurunegala,45526
Central,Matale,45538
Uva,Badulla,45582
Eastern,Batticaloa,45661
North Western,Puttalam,45701
North Western,Puttalam,45703
North Western,Kurunegala,45716
North Western,Kurunegala,45720
North Western,Kurunegala,45725
North Western,Kurunegala,45735
North Western,Kurunegala,45747
North Western,Kurunegala,45766
Central,Matale,45793
Central,Matale,45795
Eastern,Batticaloa,45919
North Western,Puttalam,45948
North Western,Kurunegala,46008
Central,Matale,46036
Central,Matale,46041
Central,Matale,46052
Central,Matale,46074
Eastern,Batticaloa,46145
North Western,Puttalam,46202
North Western,Puttalam,46209
North Western,Kurunegala,46242
North Western,Kurunegala,46265
Eastern,Ampara,46372
Eastern,Ampara,46384
North Western,Puttalam,46455
North Western,Kurunegala,46508
North Western,Kurunegala,46523
Central,Matale,46538
Central,Matale,46565
Central,Matale,46574
Eastern,Ampara,46626
North Western,Puttalam,46700
North Western,Kurunegala,46738
North Western,Kurunegala,46770
North Western,Kurunegala,46778
Central,Matale,46787
Central,Matale,46803
North Western,Puttalam,46954
North Western,Kurunegala,46964
North Western,Kurunegala,46972
North Western,Kurunegala,46976
North Western,Kurunegala,46981
North Western,Kurunegala,47011
North Western,Kurunegala,47015
Central,Matale,47047
North Western,Kurunegala,47253
North Western,Kurunegala,47288
Central,Matale,47295
Eastern,Ampara,47342
North Western,Puttalam,47454
North Western,Kurunegala,47535
Central,Matale,47543
North Western,Puttalam,47705
North Western,Puttalam,47709
North Western,Puttalam,47711
North Western,Kurunegala,47758
Central,Matale,47806
Eastern,Batticaloa,47889
Eastern,Batticaloa,47926
North Western,Puttalam,47968
North Western,Kurunegala,47972
North Western,Kurunegala,47977
North Western,Kurunegala,47982
North Western,Kurunegala,48032
North Western,Puttalam,48209
North Western,Kurunegala,48239
North Western,Kurunegala,48244
North Western,Kurunegala,48278
Eastern,Batticaloa,48420
Eastern,Batticaloa,48427
North Western,Kurunegala,48499
North Western,Kurunegala,48503
Central,Matale,48552
Central,Matale,48584
North Western,Puttalam,48713
North Western,Kurunegala,48759
Eastern,Ampara,48848
Eastern,Batticaloa,48898
North Western,Kurunegala,49017
Central,Matale,49049
North Western,Kurunegala,49229
North Western,Kurunegala,49241
North Western,Puttalam,49472
North Western,Kurunegala,49483
North Western,Kurunegala,49542
Central,Matale,49555
Eastern,Batticaloa,49679
North Western,Kurunegala,49750
North Western,Kurunegala,49760
North Western,Kurunegala,49777
North Western,Puttalam,49968
Central,Matale,50053
Eastern,Ampara,50103
Eastern,Batticaloa,50180
North Western,Kurunegala,50285
Eastern,Batticaloa,50430
North Western,Puttalam,50470
North Western,Kurunegala,50494
North Western,Kurunegala,50511
North Western,Kurunegala,50549
Eastern,Batticaloa,50680
Eastern,Batticaloa,50682
North Western,Puttalam,50731
Central,Matale,50812
North Central,Polonnaruwa,50872
North Western,Kurunegala,51029
North Western,Kurunegala,51046
Central,Matale,51053
Central,Matale,51056
Eastern,Batticaloa,51162
Eastern,Batticaloa,51177
Eastern,Batticaloa,51182
North Western,Puttalam,51228
North Western,Kurunegala,51258
Eastern,Batticaloa,51430
Eastern,Batticaloa,51431
Eastern,Batticaloa,51432
North Western,Kurunegala,51520
Eastern,Batticaloa,51681
Eastern,Batticaloa,51682
North Western,Puttalam,51725
North Western,Kurunegala,51790
North Central,Polonnaruwa,51832
North Central,Polonnaruwa,51857
Eastern,Batticaloa,51931
Eastern,Batticaloa,51932
North Western,Puttalam,51986
North Western,Kurunegala,52003
Eastern,Batticaloa,52182
North Western,Puttalam,52244
North Western,Kurunegala,52259
North Western,Kurunegala,52280
Central,Matale,52319
North Western,Puttalam,52473
North Western,Kurunegala,52518
North Central,Polonnaruwa,52631
Eastern,Batticaloa,52679
North Western,Puttalam,52729
Central,Matale,52811
North Western,Puttalam,52983
North Western,Puttalam,52988
North Western,Puttalam,52993
North Western,Kurunegala,53000
North Western,Kurunegala,53016
North Western,Kurunegala,53027
Central,Matale,53072
North Central,Polonnaruwa,53090
Eastern,Batticaloa,53177
Eastern,Batticaloa,53178
North Central,Polonnaruwa,53381
Eastern,Batticaloa,53427
Eastern,Batticaloa,53429
North Western,Kurunegala,53761
North Western,Kurunegala,53774
North Western,Kurunegala,53797
Central,Matale,53810
Central,Matale,53822
North Central,Polonnaruwa,53864
Eastern,Batticaloa,53927
North Western,Kurunegala,54038
Central,Matale,54071
North Western,Puttalam,54234
North Western,Kurunegala,54281
North Western,Kurunegala,54284
Central,Matale,54327
Central,Matale,54334
North Central,Polonnaruwa,54349
Eastern,Batticaloa,54427
North Western,Puttalam,54503
North Western,Kurunegala,54510
North Western,Kurunegala,54520
North Western,Kurunegala,54550
Central,Matale,54578
Eastern,Batticaloa,54678
Central,Matale,54828
North Western,Puttalam,54983
North Western,Puttalam,54996
Central,Matale,55070
Central,Matale,55329
Central,Matale,55331
North Western,Kurunegala,55535
North Central,Polonnaruwa,55633
Eastern,Batticaloa,55680
North Western,Puttalam,55761
Central,Matale,55831
Central,Matale,55832
Central,Matale,55838
Central,Matale,55845
North Central,Polonnaruwa,56106
North Western,Puttalam,56493
North Central,Anuradhapura,56571
Central,Matale,56586
Central,Matale,56587
Central,Matale,56591
North Western,Puttalam,56738
North Central,Anuradhapura,56835
North Central,Polonnaruwa,56882
North Central,Polonnaruwa,56887
North Central,Polonnaruwa,56888
Eastern,Batticaloa,56933
Eastern,Batticaloa,56934
North Western,Kurunegala,57042
North Western,Kurunegala,57062
Eastern,Batticaloa,57189
North Western,Puttalam,57261
North Central,Anuradhapura,57329
Central,Matale,57342
North Central,Polonnaruwa,57376
North Central,Polonnaruwa,57378
North Central,Polonnaruwa,57380
North Central,Polonnaruwa,57397
Eastern,Batticaloa,57440
North Western,Puttalam,57495
North Western,Puttalam,57523
North Western,Kurunegala,57555
Central,Matale,57597
North Central,Polonnaruwa,57613
North Central,Polonnaruwa,57615
North Central,Polonnaruwa,57628
North Central,Polonnaruwa,57631
North Central,Anuradhapura,57823
North Central,Anuradhapura,57837
Central,Matale,57851
Central,Matale,57852
North Central,Polonnaruwa,57906
Eastern,Batticaloa,58179
North Western,Puttalam,58251
Eastern,Batticaloa,58421
North Western,Puttalam,58511
North Central,Polonnaruwa,58632
North Western,Puttalam,58744
North Western,Kurunegala,58802
North Western,Kurunegala,58814
North Central,Polonnaruwa,58879
North Central,Polonnaruwa,58892
North Western,Puttalam,59010
North Western,Kurunegala,59043
Central,Matale,59104
North Central,Polonnaruwa,59125
North Central,Polonnaruwa,59134
North Western,Puttalam,59285
North Central,Anuradhapura,59329
North Western,Kurunegala,59555
North Central,Polonnaruwa,59635
North Western,Puttalam,59745
Eastern,Batticaloa,59927
Eastern,Batticaloa,59941
North Western,Puttalam,60008
North Western,Puttalam,60011
North Central,Polonnaruwa,60114
North Central,Polonnaruwa,60141
North Central,Polonnaruwa,60147
North Central,Anuradhapura,60331
North Central,Anuradhapura,60344
North Central,Anuradhapura,60350
North Central,Anuradhapura,60578
North Central,Anuradhapura,60593
North Central,Polonnaruwa,60613
North Central,Polonnaruwa,60630
North Central,Polonnaruwa,60635
North Central,Polonnaruwa,60649
North Western,Puttalam,60750
North Western,Puttalam,60774
North Western,Kurunegala,60819
North Central,Polonnaruwa,60880
North Central,Polonnaruwa,60888
North Western,Kurunegala,61062
North Central,Anuradhapura,61110
North Western,Puttalam,61263
North Central,Anuradhapura,61343
North Central,Anuradhapura,61591
North Central,Anuradhapura,61597
North Central,Polonnaruwa,61654
North Western,Kurunegala,61818
North Central,Anuradhapura,62077
North Central,Anuradhapura,62104
North Central,Polonnaruwa,62135
North Central,Polonnaruwa,62140
North Western,Puttalam,62252
North Western,Kurunegala,62558
North Central,Anuradhapura,62589
North Western,Puttalam,62757
North Western,Puttalam,62772
North Central,Anuradhapura,62850
North Central,Polonnaruwa,62926
Eastern,Batticaloa,62948
North Western,Puttalam,63044
North Central,Polonnaruwa,63153
North Central,Polonnaruwa,63383
North Central,Polonnaruwa,63397
North Central,Polonnaruwa,63398
North Central,Polonnaruwa,63407
North Central,Anuradhapura,63574
North Central,Anuradhapura,63586
North Central,Anuradhapura,63816
North Central,Anuradhapura,64102
North Central,Polonnaruwa,64150
Eastern,Batticaloa,64200
North Western,Puttalam,64515
North Western,Puttalam,64529
North Central,Anuradhapura,64573
North Central,Anuradhapura,64581
North Central,Anuradhapura,64815
North Central,Polonnaruwa,64915
North Central,Anuradhapura,65059
North Central,Polonnaruwa,65144
North Central,Anuradhapura,65320
North Central,Anuradhapura,65375
Eastern,Batticaloa,65454
North Western,Puttalam,65528
North Central,Anuradhapura,65607
North Western,Puttalam,65774
North Central,Anuradhapura,65838
North Central,Anuradhapura,66068
North Central,Anuradhapura,66084
North Central,Polonnaruwa,66151
North Central,Anuradhapura,66353
North Western,Puttalam,66538
North Central,Anuradhapura,66575
North Central,Anuradhapura,66637
North Central,Anuradhapura,66827
North Central,Anuradhapura,66870
North Central,Anuradhapura,67110
Eastern,Trincomalee,67207
North Central,Anuradhapura,67335
North Central,Anuradhapura,67385
North Central,Anuradhapura,67599
North Central,Anuradhapura,67601
North Central,Anuradhapura,67602
Eastern,Trincomalee,67698
North Central,Anuradhapura,67824
North Central,Anuradhapura,67842
North Central,Anuradhapura,67854
North Central,Anuradhapura,67855
Eastern,Trincomalee,67918
North Central,Anuradhapura,68103
North Central,Anuradhapura,68104
North Central,Anuradhapura,68110
North Central,Anuradhapura,68111
North Central,Anuradhapura,68349
North Central,Anuradhapura,68354
North Central,Anuradhapura,68356
Eastern,Trincomalee,68454
Eastern,Trincomalee,68455
North Central,Anuradhapura,68587
North Central,Anuradhapura,68857
North Central,Anuradhapura,68858
North Central,Anuradhapura,68897
Eastern,Trincomalee,68924
Eastern,Trincomalee,68930
North Central,Anuradhapura,69106
Eastern,Trincomalee,69190
Eastern,Trincomalee,69206
North Central,Anuradhapura,69359
North Central,Anuradhapura,69371
Eastern,Trincomalee,69455
North Central,Anuradhapura,69582
North Central,Anuradhapura,69613
Eastern,Trincomalee,69676
North Central,Anuradhapura,70115
North Central,Anuradhapura,70132
Eastern,Trincomalee,70181
North Central,Anuradhapura,70342
North Central,Anuradhapura,70352
North Central,Anuradhapura,70360
North Central,Anuradhapura,70374
Eastern,Trincomalee,70440
Eastern,Trincomalee,70462
North Central,Anuradhapura,70619
North Central,Anuradhapura,70659
Eastern,Trincomalee,70715
North Central,Anuradhapura,70903
Eastern,Trincomalee,70934
Eastern,Trincomalee,70961
North Central,Anuradhapura,71122
Eastern,Trincomalee,71187
North Central,Anuradhapura,71399
North Central,Anuradhapura,71601
North Central,Anuradhapura,71629
North Central,Anuradhapura,71888
Eastern,Trincomalee,71961
Eastern,Trincomalee,71964
Eastern,Trincomalee,72201
Eastern,Trincomalee,72218
North Central,Anuradhapura,72345
North Central,Anuradhapura,72367
North Central,Anuradhapura,72407
North Central,Anuradhapura,72416
Eastern,Trincomalee,72706
North Central,Anuradhapura,72894
North Central,Anuradhapura,73104
North Central,Anuradhapura,73135
Eastern,Trincomalee,73211
Eastern,Trincomalee,73223
Eastern,Trincomalee,73451
Eastern,Trincomalee,73460
Eastern,Trincomalee,73461
North Western,Puttalam,73557
North Central,Anuradhapura,73669
North Central,Anuradhapura,74158
Eastern,Trincomalee,74216
North Central,Anuradhapura,74388
North Central,Anuradhapura,74396
Eastern,Trincomalee,74466
Eastern,Trincomalee,74467
North Central,Anuradhapura,74638
North Central,Anuradhapura,74677
North Central,Anuradhapura,74678
Eastern,Trincomalee,74711
Eastern,Trincomalee,74721
Eastern,Trincomalee,74962
Eastern,Trincomalee,74968
Eastern,Trincomalee,74973
Eastern,Trincomalee,75224
Northern,Mannar,75329
North Central,Anuradhapura,75386
North Central,Anuradhapura,75424
North Central,Anuradhapura,75436
Eastern,Trincomalee,75475
North Central,Anuradhapura,75619
Eastern,Trincomalee,75721
Eastern,Trincomalee,75722
Eastern,Trincomalee,75724
Eastern,Trincomalee,75725
Eastern,Trincomalee,75726
Eastern,Trincomalee,75727
Eastern,Trincomalee,75974
Eastern,Trincomalee,75975
Northern,Vavuniya,76133
Eastern,Trincomalee,76227
North Central,Anuradhapura,76393
Eastern,Trincomalee,76473
Eastern,Trincomalee,76477
North Central,Anuradhapura,76654
Eastern,Trincomalee,76728
Eastern,Trincomalee,76959
North Central,Anuradhapura,77169
Eastern,Trincomalee,77230
Northern,Vavuniya,77381
Eastern,Trincomalee,77458
Northern,Vavuniya,77641
North Central,Anuradhapura,77942
Eastern,Trincomalee,77981
Eastern,Trincomalee,78205
North Central,Anuradhapura,78418
Northern,Vavuniya,78654
Eastern,Trincomalee,78733
Northern,Vavuniya,78881
Northern,Vavuniya,78896
Northern,Vavuniya,78909
Eastern,Trincomalee,78983
Eastern,Trincomalee,79234
Northern,Vavuniya,79379
Northern,Vavuniya,79394
Eastern,Trincomalee,79484
Eastern,Trincomalee,79712
Northern,Vavuniya,79911
Northern,Vavuniya,79915
Northern,Vavuniya,80160
Northern,Vavuniya,80161
North Central,Anuradhapura,80193
Northern,Mannar,80352
Northern,Vavuniya,80397
Northern,Vavuniya,80406
Northern,Vavuniya,80411
Northern,Vavuniya,80412
Northern,Vavuniya,80413
Northern,Vavuniya,80420
Eastern,Trincomalee,80485
Northern,Vavuniya,80635
Northern,Vavuniya,80659
Northern,Vavuniya,80663
Northern,Vavuniya,80664
North Central,Anuradhapura,80703
Northern,Mannar,80877
Northern,Vavuniya,80916
Northern,Vavuniya,81163
Northern,Vavuniya,81164
Northern,Mannar,81354
Northern,Mannar,81363
Northern,Vavuniya,81390
Northern,Mannar,81625
Northern,Vavuniya,81651
Northern,Vavuniya,81899
Northern,Mannar,82135
Northern,Vavuniya,82168
Northern,Vavuniya,82169
Eastern,Trincomalee,82237
Northern,Mannar,82613
Northern,Mannar,82622
Northern,Vavuniya,82664
Northern,Mannar,82892
North Central,Anuradhapura,82951
Northern,Mannar,83410
Eastern,Trincomalee,83489
Eastern,Trincomalee,83735
Northern,Mannar,83865
Northern,Mannar,84123
Northern,Vavuniya,84179
North Central,Anuradhapura,84207
North Central,Anuradhapura,84212
Eastern,Trincomalee,84221
Northern,Mannar,84366
Northern,Vavuniya,84689
North Central,Anuradhapura,84712
Northern,Mannar,84902
Eastern,Trincomalee,85474
Eastern,Trincomalee,85487
Northern,Mannar,85620
Northern,Vavuniya,85705
Eastern,Trincomalee,85715
Eastern,Trincomalee,85738
Northern,Vavuniya,86440
Northern,Mannar,86622
Northern,Mannar,86623
Northern,Mullaitivu,86672
Northern,Mannar,86873
Northern,Mannar,86895
Northern,Mannar,87121
Northern,Mullaitivu,87227
Northern,Vavuniya,87460
Northern,Vavuniya,87690
Northern,Mannar,87873
Northern,Mullaitivu,88242
Northern,Vavuniya,88463
Northern,Mannar,89120
Northern,Mannar,89152
Northern,Mullaitivu,89175
Northern,Vavuniya,89198
Northern,Mannar,89615
Northern,Mannar,89625
Northern,Mannar,90116
Northern,Mullaitivu,90183
Northern,Mullaitivu,90497
Northern,Mullaitivu,90699
Northern,Vavuniya,90719
Northern,Mullaitivu,91200
Northern,Mullaitivu,91432
Northern,Mullaitivu,91434
Northern,Mullaitivu,91684
Northern,Mullaitivu,91713
Northern,Mullaitivu,91744
Northern,Mullaitivu,92233
Northern,Mullaitivu,93205
Northern,Mullaitivu,93244
Northern,Mullaitivu,93252
Northern,Mullaitivu,93463
Northern,Kilinochchi,93675
Northern,Mullaitivu,93944
Northern,Kilinochchi,94431
Northern,Mullaitivu,94710
Northern,Mullaitivu,94755
Northern,Mullaitivu,94997
Northern,Mullaitivu,95000
Northern,Kilinochchi,95707
Northern,Kilinochchi,95949
Northern,Mullaitivu,95998
Northern,Kilinochchi,96188
Northern,Mullaitivu,96225
Northern,Mullaitivu,96249
Northern,Mullaitivu,96468
Northern,Mullaitivu,96486
Northern,Kilinochchi,96718
Northern,Kilinochchi,96972
Northern,Mullaitivu,96995
Northern,Mullaitivu,97251
Northern,Kilinochchi,97440
Northern,Kilinochchi,97471
Northern,Kilinochchi,97969
Northern,Kilinochchi,97990
Northern,Kilinochchi,98224
Northern,Kilinochchi,98229
Northern,Kilinochchi,98450
Northern,Kilinochchi,98475
Northern,Kilinochchi,98739
Northern,Mullaitivu,99256
Northern,Kilinochchi,99468
Northern,Kilinochchi,99730
Northern,Kilinochchi,101215
Northern,Jaffna,101911
Northern,Jaffna,101912
Northern,Kilinochchi,101989
Northern,Jaffna,102999
Northern,Kilinochchi,103242
Northern,Jaffna,103431
Northern,Jaffna,104177
Northern,Jaffna,104221
Northern,Kilinochchi,104239
Northern,Jaffna,104701
Northern,Jaffna,104984
Northern,Jaffna,105196
Northern,Jaffna,105219
Northern,Jaffna,105460
Northern,Jaffna,105461
Northern,Jaffna,105481
Northern,Jaffna,105489
Northern,Jaffna,105709
Northern,Jaffna,105710
Northern,Jaffna,105711
Northern,Jaffna,105712
Northern,Jaffna,105713
Northern,Jaffna,105715
Northern,Jaffna,105726
Northern,Jaffna,105727
Northern,Jaffna,105736
Northern,Jaffna,105960
Northern,Jaffna,105961
Northern,Jaffna,105962
Northern,Jaffna,105963
Northern,Jaffna,105964
Northern,Jaffna,105975
Northern,Jaffna,106195
Northern,Jaffna,106213
Northern,Jaffna,106214
Northern,Jaffna,106215
Northern,Jaffna,106221
Northern,Jaffna,106231
Northern,Jaffna,106232
Northern,Jaffna,106234
Northern,Jaffna,106235
Northern,Jaffna,106237
Northern,Jaffna,106446
Northern,Jaffna,106447
Northern,Jaffna,106462
Northern,Jaffna,106463
Northern,Jaffna,106465
Northern,Jaffna,106466
Northern,Jaffna,106467
Northern,Jaffna,106480
Northern,Jaffna,106712
Northern,Jaffna,106717
Northern,Jaffna,106718
Northern,Jaffna,106741
Northern,Jaffna,106958
Northern,Jaffna,106964
Northern,Jaffna,106965
Northern,Jaffna,106966
Northern,Jaffna,106967
Northern,Jaffna,106971
Northern,Jaffna,106983
Northern,Jaffna,106997
Northern,Jaffna,107200
Northern,Jaffna,107212
Northern,Jaffna,107219
Northern,Jaffna,107240
Northern,Jaffna,107460
Northern,Jaffna,107465
Northern,Jaffna,107466
Northern,Jaffna,107468
Northern,Jaffna,107491
Northern,Jaffna,107711
Northern,Jaffna,107725
Northern,Jaffna,107726
Northern,Jaffna,107954
Northern,Jaffna,107966
Northern,Jaffna,107971
Northern,Jaffna,107979
Northern,Jaffna,107993
Northern,Jaffna,108205
Northern,Jaffna,108211
Northern,Jaffna,108214
Northern,Jaffna,108215
Northern,Jaffna,108217
Northern,Jaffna,108219
Northern,Jaffna,108220
Northern,Jaffna,108222
Northern,Jaffna,108225
Northern,Jaffna,108230
Northern,Jaffna,108454
Northern,Jaffna,108463
Northern,Jaffna,108499
Northern,Jaffna,108717
Northern,Jaffna,108722
Northern,Jaffna,108724
Northern,Jaffna,108733
Northern,Jaffna,108968
Northern,Jaffna,108975
Northern,Jaffna,108984
Northern,Jaffna,108985
Northern,Jaffna,109216
Northern,Jaffna,109219
Northern,Jaffna,109222
Northern,Jaffna,109227
Northern,Jaffna,109231
Northern,Jaffna,109236
Northern,Jaffna,109245
Northern,Jaffna,109473
Northern,Jaffna,109487
Northern,Jaffna,109494
Northern,Jaffna,109495
Northern,Jaffna,109496
Northern,Jaffna,109497
Northern,Jaffna,109742
Northern,Jaffna,109744
Northern,Jaffna,109748
Northern,Jaffna,109750
Northern,Jaffna,109980
Northern,Jaffna,109991
Northern,Jaffna,109994
Northern,Jaffna,109998
Northern,Jaffna,110001
Northern,Jaffna,110243
Northern,Jaffna,110247
Northern,Jaffna,110249
Northern,Jaffna,110251
Northern,Jaffna,110253
Northern,Jaffna,110254
